route,aspect,lang,source_type,source,url,quote
Yanbu,Transit,en,google_news_en,Tanker Rates for Red Sea-Loading Saudi Crude Plunge - Crude Oil Prices Today | OilPrice.com,https://news.google.com/rss/articles/CBMiqwFBVV95cUxNQ0NsUGJyUjJnSkJpd1M1clBUcmNHVzYwbzdrVUYtbFFZc08xVFhSUWpZU0lQelBzeWl5QndMSVNsckplTnZaSk9HZ0RoSklVdDYzdTdoYUotQUoxQk1pcVJqeUN1SXlpUWF4QVR2alo0cnVvOG5FVm95VHJMMzV2b3BtN1lWRXZMNGpkd1d0bmRSeXh4VjFNOGJrMWVvSXRaekxJbXFYNDdHalnSAbABQVVfeXFMTlkzVVJYTXpRNHdtbEVVVGhSTGlxQi1mMkZYN2ZhOGlmZmdwcnVDNkdRUk1ORW5rREVSNEdUS0dqRXdTbVp4YWxveTdFS3dSNTdOX29UMFo3V0YtaU9BVC1nQWRFZmRpc2ptX3BlUzFQNjhVbE5Ed2dXQWwxX0JUTktTOUpUd2xZM3pEcVZXZWpERERiQXJ0M181OTlHTXBhVnVKMTd1bnZPZ29yVmlTcGg?oc=5,Tanker Rates for Red Sea-Loading Saudi Crude Plunge    Crude Oil Prices Today | OilPrice.com
Yanbu,Transit,en,google_news_en,Regional conflict shifts global trade routes as Red Sea gains strategic importance - سانا,https://news.google.com/rss/articles/CBMiU0FVX3lxTE9ja0FkWXVEMnVTcmZGOUlYdUxiRktKOG9TWnJwNU1mZ1BYMWFHRzRZelR0dlR6emUxeGxXWEV0cl85cnZXYmNqMXdJNUZFazd6dDl3?oc=5,Regional conflict shifts global trade routes as Red Sea gains strategic importance    سانا
Yanbu,Transit,en,google_news_en,Saudi Arabia's Crude Strategy to Reduce Hormuz Reliance - 조선일보,https://news.google.com/rss/articles/CBMihwFBVV95cUxPdEEyMFlmMHRKNkhHYWVCeFZNczdvUkN1RURFRTU5TVZIdkxfZ0lkMzZucnpHY1R2M0xqY0pYR005TUtnUTRBdHZDeHQtZy1BbWlLQk1JUF9TZmZlVkstWTVyWHRsZnhWTEd5TFpvQk4tcTAtWW04M0JyT1NDWGFOeWRnWDRDVHc?oc=5,Saudi Arabia's Crude Strategy to Reduce Hormuz Reliance    조선일보
Yanbu,Cost,en,google_news_en,Yanbu VLCC liftings broaden as freight premiums surge - Vortexa,https://news.google.com/rss/articles/CBMibEFVX3lxTE9hRzVoOWtFTVpscGt5NVBydEdoRXJ0NzlBamRUbE1xNExYaWtKZlJiMjZkYlJCZVdWSDBJVFZzbFpPSmNYQzZlTW9mVUt6bmhQSGZWYmFseExIUVhMdkRfNFNKMktBN1BQYTlzbw?oc=5,Yanbu VLCC liftings broaden as freight premiums surge    Vortexa
Yanbu,Cost,en,google_news_en,Brent Crude Premium Shows How Deep the Global Supply Problem Has Become - Investing.com,https://news.google.com/rss/articles/CBMitwFBVV95cUxPdEIwWHYzVUUydDFieXVkVUF5dEpOa0QxQ0xYWGlwRjlNZ3NwbWRFNlg3bTVQOTdUT1RNVzdNZmc1MC1CMTJCcFBoVW1vejBoSHNuRlZEQ3Nxd0VnZU1OWHNqQWQwQnd3d1pGalh5bWtyWDZKYk8tcFI5RXZpVm8tRmNjYUprNFJaZ29PLVY3NWtlNnlCSXI1T0NONWJxak9seHlFT21DdUFMMG12M1lXcURkSTgyUFU?oc=5,Brent Crude Premium Shows How Deep the Global Supply Problem Has Become    Investing.com
Yanbu,Cost,en,google_news_en,US Gulf Crude Premiums Surge to 29-Month Peaks Amid Supply Disruption - Discovery Alert,https://news.google.com/rss/articles/CBMiiAFBVV95cUxNRWVwVDRYNUdXYnBWelhqWW9nVVNTWTdiLWhLU00wRVVsRTY0cjc3MWNJTTkwLVdIZlltb3RwTVNfU1Z4QkloaldTcFJGZE9xN2xmMTFGVHNUdWpNZGx2bVozcGl0SXBwbmxVY0lROGE4WGZ3QXI4XzNPUDJDaWt3THBDNkxJbk1B?oc=5,US Gulf Crude Premiums Surge to 29-Month Peaks Amid Supply Disruption    Discovery Alert
Yanbu,Cost,en,google_news_en,Hormuz Crisis Transforms India’s Energy Import Strategy in 2026 - Discovery Alert,https://news.google.com/rss/articles/CBMidkFVX3lxTFBDU2dfQmY4X0l1WEFxcmFqWEdkWWo0SDdtWThaWmlGZTczUFBZX2szVGZhYk9nSmhkeGFsenpSS19EX3ZiY1RKSmdwQTVHUWV0Q3F6M2F1T0dMOERvX2tnelRGYktvZjhhbUM5SVBhOWs4SWpLSVE?oc=5,Hormuz Crisis Transforms India’s Energy Import Strategy in 2026    Discovery Alert
Yanbu,Cost,en,duckduckgo,Yanbu - Wikipedia,https://en.wikipedia.org/wiki/Yanbu,"Yanbu
| Yanbu Governorate محافظة ينبع | |
|---|---|
| Coordinates: 24°5′17.75″N 38°3′29.50″E / 24.0882639°N 38.0581944°E | |
| Country | Saudi Arabia | 
| Province | Medina Province | 
| Region | Hejaz | 
| Established | 491 BC | 
| Seat | Yanbu City | 
| Government | |
| • Type | Royal Commission / Municipality | 
| • Body | 
 | 
| Area | |
|  • City | 606 km2 (234 sq mi) | 
| • Metro | 10,340 km2 (3,990 sq mi) | 
| Population  (2022 census) | |
|  • City | 331,916 | 
| • Density | 548/km2 (1,420/sq mi) | 
| • Metro | 359,631 (Yanbu governorate) | 
| Time zone | UTC+03:00 (SAST) | 
| Area code | 014 | 
Yanbu (Arabic: ينبع, romanized: Yanbuʿ, lit."
Yanbu,Cost,en,duckduckgo,Yanbu - Wikipedia,https://en.wikipedia.org/wiki/Yanbu,"'Spring'), colloquially sometimes referred to as Yambu (Arabic: يمبع, romanized: Yambuʿ), is a city and governorate in the Medina Province of western Saudi Arabia, located on the Red Sea coast."
Yanbu,Cost,en,duckduckgo,Yanbu - Wikipedia,https://en.wikipedia.org/wiki/Yanbu,"Yanbu Al-Nakhal
[edit](The Palms) is a separate area, some 47 kilometers from the city (according to Google Maps)."
Yanbu,Cost,en,duckduckgo,Yanbu - Wikipedia,https://en.wikipedia.org/wiki/Yanbu,"| Climate data for Yanbu'al Bahr (1991-2020) | |||||||||||||
|---|---|---|---|---|---|---|---|---|---|---|---|---|---|
| Month | Jan | Feb | Mar | Apr | May | Jun | Jul | Aug | Sep | Oct | Nov | Dec | Year | 
| Record high °C (°F) | 35.0 (95.0) | 37.3 (99.1) | 40.0 (104.0) | 44.4 (111.9) | 49.0 (120.2) | 49.6 (121.3) | 51.0 (123.8) | 49.5 (121.1) | 49.0 (120.2) | 47.4 (117.3) | 44.7 (112.5) | 42.0 (107.6) | 51.0 (123.8) | 
| Mean daily maximum °C (°F) | 27.6 (81.7) | 28.9 (84.0) | 31.5 (88.7) | 34.8 (94.6) | 38.5 (101.3) | 40.7 (105.3) | 40.5 (104.9) | 40.8 (105.4) | 40.2 (104.4) | 37.2 (99.0) | 33.1 (91.6) | 29.7 (85.5) | 35.3 (95.5) | 
| Daily mean °C (°F) | 20.8 (69.4) | 21.9 (71.4) | 24.3 (75.7) | 27.7 (81.9) | 31.1 (88.0) | 32.9 (91.2) | 33.4 (92.1) | 33.9 (93.0) | 32.8 (91.0) | 30.2 (86.4) | 26.1 (79.0) | 22.6 (72.7) | 28.2 (82.8) | 
| Mean daily minimum °C (°F) | 14.3 (57.7) | 15.3 (59.5) | 17.4 (63.3) | 20.8 (69.4) | 24.1 (75.4) | 25.7 (78.3) | 27.0 (80.6) | 27.9 (82.2) | 26.5 (79.7) | 23.9 (75.0) | 19.7 (67.5) | 16.2 (61.2) | 21.6 (70.8) | 
| Record low °C (°F) | 4.7 (40.5) | 6.5 (43.7) | 8.7 (47.7) | 11.5 (52.7) | 15.6 (60.1) | 18.0 (64.4) | 21.3 (70.3) | 20.4 (68.7) | 19.0 (66.2) | 14.3 (57.7) | 12.0 (53.6) | 7.8 (46.0) | 4.7 (40.5) | 
| Average precipitation mm (inches) | 6.5 (0.26) | 1.8 (0.07) | 1.2 (0.05) | 0.3 (0.01) | 0.6 (0.02) | 0.0 (0.0) | 0.0 (0.0) | 0.1 (0.00) | 0.0 (0.0) | 3.6 (0.14) | 12.1 (0.48) | 13.2 (0.52) | 39.5 (1.56) | 
| Average precipitation days (≥ 1 mm) | 0.6 | 0.2 | 0.3 | 0.1 | 0.1 | 0.0 | 0.0 | 0.1 | 0.0 | 0.4 | 1.1 | 0.6 | 3.4 | 
| Average relative humidity (%) | 51 | 54 | 52 | 55 | 56 | 57 | 58 | 59 | 60 | 60 | 57 | 54 | 56 | 
| Source 1: World Meteorological Organization[10] | |||||||||||||
| Source 2: Deutscher Wetterdienst (humidity 1970–1979)[11] | |||||||||||||
Economy
[edit]Yanbu is an important petroleum shipping terminal and is home to three oil refineries, a plastics facility, and several petrochemical plants."
Yanbu,Cost,en,duckduckgo,Yanbu - Wikipedia,https://en.wikipedia.org/wiki/Yanbu,"International services connect Yanbu with Alexandria and Cairo in Egypt, Istanbul in Turkey, Dubai and Sharjah in the United Arab Emirates, and Doha in Qatar."
Yanbu,Cost,en,duckduckgo,Yanbu - Wikipedia,https://en.wikipedia.org/wiki/Yanbu,"[15]
All international flights are operated by foreign carriers, while domestic services are provided by Saudia and Flynas."
Yanbu,Cost,en,google_news_en,Middle East Escalation Disrupts Global Ocean and Air Freight Networks - Flexport,https://news.google.com/rss/articles/CBMiogFBVV95cUxPcG1WTXpHcWJlOVFxeUZDa2Y5aVJ5b3VLM3NUVzZZM0ZaQ05FYkRoNHVHT0VYMG5BTldZYS1faERGNHNWRE5QU25kdDJnQ0k1N3hwWElYcGNBMUs1cWQxUTh1NlFFN0ZuTXZ3OFNFVkVvaGxQcWV3S203cDVnbHA4M1FZaFdrSXItTU1JeG5aMjNzZlNyVmliSThyQ0RIS0xLR1E?oc=5,Middle East Escalation Disrupts Global Ocean and Air Freight Networks    Flexport
Yanbu,Cost,en,google_news_en,Strait of Hormuz closure reshapes global shipping as freight costs climb - Anadolu Ajansı,https://news.google.com/rss/articles/CBMiuAFBVV95cUxPNmUyUnRXeXBBc2lfTXlMWWNpendOcUNsWWlTN2p6dDBSZ082UGV1THo4WE8xbXRDQ0VMNU1HOVAzSzQ1aUpYTDJhNHZWQkk1bEtRREQzbnhETnB1d2RjZnZIeFBoV2tVX2hWZ0JVWDhUcXpSSlV3WG91dXJ1Um1abndIdm9HOS1pVldHVko3TGhxQW1nb3BzT2dlcGRjcFRlOVBTcWYxOTBmQl9hUExlUFlpSVV1SWtu?oc=5,Strait of Hormuz closure reshapes global shipping as freight costs climb    Anadolu Ajansı
Yanbu,Cost,en,google_news_en,Tanker rates surge to six-year high as U.S.-Iran tensions escalate - DatamarNews,https://news.google.com/rss/articles/CBMioAFBVV95cUxNcFlINzMwNE9FYnZkNXNBM0pDMmN0Q0stblJLUklFTXp3ZnkyM3pQc1o0d1NPUXpaNkY3Q05OaGJsOW82eFVhVHU2LXNzUHQtdUViU1FhWWJSamdrQzcwS01nU29GZDZpMXJvejhKRnQ1VWg4RFhZNmhEemVhaGtsdFhiV3o2YnhvM2VVWDdLUU11S013eC00N0Eyeng5VS11?oc=5,Tanker rates surge to six-year high as U.S.-Iran tensions escalate    DatamarNews
Yanbu,Cost,en,duckduckgo,Saudi Arabia - Wikipedia,https://en.wikipedia.org/wiki/Saudi_Arabia,"It is bordered by the Red Sea to the west; Jordan, Iraq, and Kuwait to the north; the Persian Gulf, Bahrain, Qatar and the United Arab Emirates to the east; Oman to the southeast; and Yemen to the south."
Yanbu,Cost,en,duckduckgo,Saudi Arabia - Wikipedia,https://en.wikipedia.org/wiki/Saudi_Arabia,The Gulf of Aqaba in the northwest separates Saudi Arabia from Egypt and Israel.
Yanbu,Cost,en,duckduckgo,Saudi Arabia - Wikipedia,https://en.wikipedia.org/wiki/Saudi_Arabia,"[68] In the early 3rd century BC, with bustling economic activity between the south and north, Lihyan acquired large influence suitable to its strategic position on the caravan road."
Yanbu,Cost,en,duckduckgo,Saudi Arabia - Wikipedia,https://en.wikipedia.org/wiki/Saudi_Arabia,"[81][82] The Uyunid Emirate later underwent expansion, with its territory stretching from Najd to the Syrian Desert."
Yanbu,Cost,en,duckduckgo,Saudi Arabia - Wikipedia,https://en.wikipedia.org/wiki/Saudi_Arabia,"[98]
The Emirate of Diriyah established in the area around Riyadh rapidly expanded and briefly controlled most of the present-day territory of Saudi Arabia, sacking Karbala in 1802, and capturing Mecca in 1803."
Yanbu,Cost,en,duckduckgo,Saudi Arabia - Wikipedia,https://en.wikipedia.org/wiki/Saudi_Arabia,[99] The much smaller Emirate of Nejd was established in 1824.
Yanbu,Cost,en,duckduckgo,Saudi Arabia - Wikipedia,https://en.wikipedia.org/wiki/Saudi_Arabia,"Throughout the rest of the 19th century, the Al Saud contested control of the interior of what was to become Saudi Arabia with another Arabian ruling family, the Al Rashid, who ruled the Emirate of Jabal Shammar."
Yanbu,Cost,en,duckduckgo,Saudi Arabia - Wikipedia,https://en.wikipedia.org/wiki/Saudi_Arabia,"[106] For the next five years, he administered the two parts of his dual kingdom as separate units."
Yanbu,Cost,en,duckduckgo,Saudi Arabia - Wikipedia,https://en.wikipedia.org/wiki/Saudi_Arabia,"[78]
After the conquest of the Hejaz, the Ikhwan leadership's objective switched to expansion of the Wahhabist realm into the British protectorates of Transjordan, Iraq and Kuwait, and began raiding those territories."
Yanbu,Cost,en,duckduckgo,Saudi Arabia - Wikipedia,https://en.wikipedia.org/wiki/Saudi_Arabia,"[112] Khalid's reign saw economic and social development progress at an extremely rapid rate, transforming the infrastructure and educational system of the country;[78] in foreign policy, close ties with the US were developed."
Yanbu,Cost,en,duckduckgo,Saudi Arabia - Wikipedia,https://en.wikipedia.org/wiki/Saudi_Arabia,"[114] The government regained control of the mosque after 10 days, and those captured were executed."
Yanbu,Cost,en,duckduckgo,Saudi Arabia - Wikipedia,https://en.wikipedia.org/wiki/Saudi_Arabia,[78] The vast wealth generated by oil revenues was beginning to have an even greater impact on Saudi society.
Yanbu,Cost,en,duckduckgo,Saudi Arabia - Wikipedia,https://en.wikipedia.org/wiki/Saudi_Arabia,"In 1991, Saudi Arabian forces were involved both in bombing raids on Iraq and in the land invasion that helped to liberate Kuwait, which became known as the Gulf War (1990–1991)."
Yanbu,Cost,en,duckduckgo,Saudi Arabia - Wikipedia,https://en.wikipedia.org/wiki/Saudi_Arabia,"In February 2009, Abdullah announced a series of governmental changes to the judiciary, armed forces, and various ministries to modernize these institutions including the replacement of senior appointees in the judiciary and the Mutaween (religious police) with more moderate individuals and the appointment of the country's first female deputy minister."
Yanbu,Cost,en,duckduckgo,Saudi Arabia - Wikipedia,https://en.wikipedia.org/wiki/Saudi_Arabia,"[129] Abdullah also announced a package of $93 billion, which included 500,000 new homes to a cost of $67 billion, in addition to creating 60000 new security jobs."
Yanbu,Cost,en,duckduckgo,Saudi Arabia - Wikipedia,https://en.wikipedia.org/wiki/Saudi_Arabia,"[134]
Geography
Saudi Arabia occupies about 80% of the Arabian Peninsula (the world's largest peninsula),[137] lying between latitudes 16° and 33° N, and longitudes 34° and 56° E. Because the country's southeastern and southern borders with the United Arab Emirates and Oman are not precisely marked, the exact size of the country is undefined."
Yanbu,Cost,en,duckduckgo,Saudi Arabia - Wikipedia,https://en.wikipedia.org/wiki/Saudi_Arabia,"[144]
In the spring and autumn the heat is temperate, temperatures average around 29 °C (84 °F)."
Yanbu,Cost,en,duckduckgo,Saudi Arabia - Wikipedia,https://en.wikipedia.org/wiki/Saudi_Arabia,"[123] However, open protest against the government, even if peaceful, is not tolerated."
Yanbu,Cost,en,duckduckgo,Saudi Arabia - Wikipedia,https://en.wikipedia.org/wiki/Saudi_Arabia,"[175] Royal decrees supplement Sharia in areas such as labour, commercial and corporate law."
Yanbu,Cost,en,duckduckgo,Saudi Arabia - Wikipedia,https://en.wikipedia.org/wiki/Saudi_Arabia,"The regions are further divided into 118 governorates (Arabic: محافظات; muhafazat, sing."
Yanbu,Cost,en,duckduckgo,Saudi Arabia - Wikipedia,https://en.wikipedia.org/wiki/Saudi_Arabia,"The governorates are further subdivided into sub-governorates (Arabic: مراكز; marakiz, sing."
Yanbu,Cost,en,duckduckgo,Saudi Arabia - Wikipedia,https://en.wikipedia.org/wiki/Saudi_Arabia,"[225]
Since co-founding OPEC in 1960, Saudi Arabia's oil pricing policy has officially aimed to stabilize the world oil market and moderate sharp price movements so as not to jeopardize Western economies."
Yanbu,Cost,en,duckduckgo,Saudi Arabia - Wikipedia,https://en.wikipedia.org/wiki/Saudi_Arabia,"[228]
Saudi Arabia and the United States are strategic allies;[229][230][231] the U.S. has been the most influential foreign power in the kingdom since the end of World War II."
Yanbu,Cost,en,duckduckgo,Saudi Arabia - Wikipedia,https://en.wikipedia.org/wiki/Saudi_Arabia,"[139] Nevertheless, Saudi Arabia remains a key strategic ally of the U.S. and a leading importer of American arms."
Yanbu,Cost,en,duckduckgo,Saudi Arabia - Wikipedia,https://en.wikipedia.org/wiki/Saudi_Arabia,"[264] Several reforms took place including curbing the powers of religious police,[265] and no longer funding the construction of mosques abroad."
Yanbu,Cost,en,duckduckgo,Saudi Arabia - Wikipedia,https://en.wikipedia.org/wiki/Saudi_Arabia,"[266]
Military
The Armed Forces of Saudi Arabia are under the Ministry of Defence and consist of the Royal Saudi Land Forces (including the Royal Guard), the Air Force, the Navy, the Air Defence, and the Strategic Missile Force; the Saudi Arabian National Guard, which is under the Ministry of National Guard, is made up of tribal forces loyal to the Saudi royal family and plays a role in both domestic security and foreign defence."
Yanbu,Cost,en,duckduckgo,Saudi Arabia - Wikipedia,https://en.wikipedia.org/wiki/Saudi_Arabia,"As of June 2023, the kingdom has reportedly reversed its ban on women ""becoming lawyers, engineers, or geologists"" and established ""aggressive affirmative action programmes"", doubling the female labour force participation rate."
Yanbu,Cost,en,duckduckgo,Saudi Arabia - Wikipedia,https://en.wikipedia.org/wiki/Saudi_Arabia,"In December 2011, the Saudi interior ministry arrested three reporters and held them for almost two weeks for questioning after they uploaded a video on the topic to YouTube."
Yanbu,Cost,en,duckduckgo,Saudi Arabia - Wikipedia,https://en.wikipedia.org/wiki/Saudi_Arabia,"Saudi Arabia has some of the most modern and largest dairy farms in the Middle East; milk production boasts a productive annual rate of 6,800 litres (1,800 US gallons) per cow, one of the highest in the world."
Yanbu,Cost,en,duckduckgo,Saudi Arabia - Wikipedia,https://en.wikipedia.org/wiki/Saudi_Arabia,"Saudi dairy company Almarai is the largest vertically integrated dairy company in the Middle East,[354] and the largest dairy firm in the world by volume;[355] it operates the world's largest dairy farm at Al Safi."
Yanbu,Cost,en,duckduckgo,Saudi Arabia - Wikipedia,https://en.wikipedia.org/wiki/Saudi_Arabia,"[388] For much of the 20th century, the country had one of the highest population growth rates in the world, at around 3% annually;[389] it continues to grow at a rate of 1.62% per year,[386] slightly higher than the rest of the Middle East and North Africa."
Yanbu,Cost,en,duckduckgo,Saudi Arabia - Wikipedia,https://en.wikipedia.org/wiki/Saudi_Arabia,"[391] Most Saudis are concentrated in the southwest; Hejaz, which is the most populated region,[392] is home to one-third of the population, followed by neighbouring Najd (28%) and the Eastern Province (15%)."
Yanbu,Cost,en,duckduckgo,Saudi Arabia - Wikipedia,https://en.wikipedia.org/wiki/Saudi_Arabia,[440] The rate of literacy is 99% among males and 96% among females in 2020.
Yanbu,Cost,en,duckduckgo,Saudi Arabia - Wikipedia,https://en.wikipedia.org/wiki/Saudi_Arabia,"[461]
A new strategy has been developed by the ministry, known as Diet and Physical Activity Strategy or DPAS for short,[462] to address bad lifestyle choices."
Yanbu,Cost,en,duckduckgo,Saudi Arabia - Wikipedia,https://en.wikipedia.org/wiki/Saudi_Arabia,"[463] As part of the same strategy, calorie labels were added in 2019 to some food and drink products."
Yanbu,Cost,en,duckduckgo,Saudi Arabia - Wikipedia,https://en.wikipedia.org/wiki/Saudi_Arabia,"[483]
Foreigners cannot apply for permanent residency, though a specialized Premium Residency visa became available in 2019."
Yanbu,Cost,en,duckduckgo,Saudi Arabia - Wikipedia,https://en.wikipedia.org/wiki/Saudi_Arabia,"[542]
In 2017, Crown Prince Mohammad bin Salman promised to return Saudi Arabia to the ""moderate Islam"" of the era before the 1979 Iranian revolution."
Yanbu,Cost,en,duckduckgo,Saudi Arabia - Wikipedia,https://en.wikipedia.org/wiki/Saudi_Arabia,"For rare chilly days, Saudi men wear a camel-hair cloak (bisht) over the top."
Yanbu,Cost,en,duckduckgo,Saudi Arabia - Wikipedia,https://en.wikipedia.org/wiki/Saudi_Arabia,"Women's clothes are often decorated with tribal motifs, coins, sequins, metallic thread, and appliques."
Yanbu,Cost,en,duckduckgo,Saudi Arabia - Wikipedia,https://en.wikipedia.org/wiki/Saudi_Arabia,"As of 2022, Reporters Without Borders rates the kingdom's press a ""very serious"" situation."
Yanbu,Cost,en,duckduckgo,Saudi Arabia - Wikipedia,https://en.wikipedia.org/wiki/Saudi_Arabia,"However, in August 2019, the kingdom's strategy received criticism for appearing as a method of sportswashing soon after Saudi's US-based 2018 lobbying campaign foreign registration documentations got published online."
Yanbu,Cost,en,duckduckgo,Saudi Arabia - Wikipedia,https://en.wikipedia.org/wiki/Saudi_Arabia,"The documents showed Saudi Arabia as allegedly implementing a sportswashing strategy, including meetings and official calls with authorities of associations like Major League Soccer, World Wrestling Entertainment, and the National Basketball Association."
Yanbu,Cost,en,duckduckgo,Saudi Arabia - Wikipedia,https://en.wikipedia.org/wiki/Saudi_Arabia,"- ^ ""Saudi Arabia to commemorate 'Founding Day' on Feb. 22 annually: Royal order""."
Yanbu,Cost,en,duckduckgo,Saudi Arabia - Wikipedia,https://en.wikipedia.org/wiki/Saudi_Arabia,"Besides Russia, the five countries with the most favorable views of China are Pakistan, Nigeria, Bangladesh, Peru and Colombia, just ahead of two of China's major fossil fuel sources, Saudi Arabia and the United Arab Emirates."
Yanbu,Cost,en,duckduckgo,Saudi Arabia - Wikipedia,https://en.wikipedia.org/wiki/Saudi_Arabia,"- ^ Economists ""estimate only 30–40 percent of working-age Saudis hold jobs or actively seek work,"" the official employment rate of around 12 percent notwithstanding: McDowall, Angus (19 January 2014)."
Yanbu,Cost,en,duckduckgo,Saudi Arabia - Wikipedia,https://en.wikipedia.org/wiki/Saudi_Arabia,"(Also, as in the old Soviet Union, nearly all Saudi official statistics are unreliable, so economists believe the real Saudi unemployment rate is closer to 40%)""
- ^ Mohammad Taqi al-Modarresi (26 March 2016)."
Yanbu,Cost,en,duckduckgo,Saudi Arabia - Wikipedia,https://en.wikipedia.org/wiki/Saudi_Arabia,Branding the Middle East: Communication Strategies and Image Building from Qom to Casablanca.
Yanbu,Cost,en,duckduckgo,Saudi Arabia - Wikipedia,https://en.wikipedia.org/wiki/Saudi_Arabia,"- ^ a b c d e f ""Population Distribution (Saudi and Non Saudi) in Governorates of Eastern Region, 2013 A.D."" Stats.gov.sa."
Yanbu,Cost,en,duckduckgo,Saudi Arabia - Wikipedia,https://en.wikipedia.org/wiki/Saudi_Arabia,"- ^ a b c d ""Population Distribution (Saudi and Non Saudi) in Governorates of Makkah Al-Mokarramah Region, 2014 A.D."" Stats.gov.sa."
Yanbu,Cost,en,duckduckgo,Saudi Arabia - Wikipedia,https://en.wikipedia.org/wiki/Saudi_Arabia,"- ^ a b ""Population Distribution (Saudi and Non Saudi) in Governorates of Aseer Region, 2013 A.D."" Stats.gov.sa."
Yanbu,Cost,en,duckduckgo,Saudi Arabia - Wikipedia,https://en.wikipedia.org/wiki/Saudi_Arabia,"- ^ ""Population Distribution (Saudi and Non Saudi) in Governorates of Hail Region, 2013 A.D."" Stats.gov.sa."
Yanbu,Cost,en,duckduckgo,Saudi Arabia - Wikipedia,https://en.wikipedia.org/wiki/Saudi_Arabia,"- ^ a b ""Population Distribution (Saudi and Non Saudi) in Governorates of Al-Madinah Al-Monawarah Region, 2013 A.D."" Stats.gov.sa."
Yanbu,Cost,en,duckduckgo,Saudi Arabia - Wikipedia,https://en.wikipedia.org/wiki/Saudi_Arabia,"- ^ ""Population Distribution (Saudi and Non Saudi) in Governorates of Al-Riyad Region, 2013 A.D."" Stats.gov.sa."
Yanbu,Cost,en,duckduckgo,Saudi Arabia - Wikipedia,https://en.wikipedia.org/wiki/Saudi_Arabia,"- ^ ""Population Distribution (Saudi and Non Saudi) in Governorates of Al-Qaseem Region, 2013 A.D."" Stats.gov.sa."
Yanbu,Cost,en,duckduckgo,Saudi Arabia - Wikipedia,https://en.wikipedia.org/wiki/Saudi_Arabia,"- ^ ""Population Distribution (Saudi and Non Saudi) in Governorates of Najran Region, 2013 A.D."" Stats.gov.sa."
Yanbu,Cost,en,duckduckgo,Saudi Arabia - Wikipedia,https://en.wikipedia.org/wiki/Saudi_Arabia,"- ^ ""Population Distribution (Saudi and Non Saudi) in Governorates of Tabouk Region, 2013 A.D."" Stats.gov.sa."
Yanbu,Cost,en,duckduckgo,Saudi Arabia - Wikipedia,https://en.wikipedia.org/wiki/Saudi_Arabia,"- ^ ""Literacy rate, adult male (% of males ages 15 and above) | Data""."
Yanbu,Cost,en,duckduckgo,Saudi Arabia - Wikipedia,https://en.wikipedia.org/wiki/Saudi_Arabia,"- ^ ""Literacy rate, adult female (% of females ages 15 and above) | Data""."
Yanbu,Cost,en,duckduckgo,Saudi Arabia - Wikipedia,https://en.wikipedia.org/wiki/Saudi_Arabia,"- ^ ""Literacy rate, youth male (% of males ages 15–24) – Saudi Arabia | Data""."
Yanbu,Cost,en,duckduckgo,Saudi Arabia - Wikipedia,https://en.wikipedia.org/wiki/Saudi_Arabia,"- ^ ""Literacy rate, youth female (% of females ages 15–24) – Saudi Arabia | Data""."
Yanbu,Cost,en,duckduckgo,Saudi Arabia - Wikipedia,https://en.wikipedia.org/wiki/Saudi_Arabia,"""I will return Saudi Arabia to moderate Islam, says crown prince""."
Yanbu,Cost,en,duckduckgo,Saudi Arabia - Wikipedia,https://en.wikipedia.org/wiki/Saudi_Arabia,Sharia Incorporated: A Comparative Overview of the Legal Systems of Twelve Muslim Countries in Past and Present.
Yanbu,Cost,en,duckduckgo,"Saudi Arabia | History, Map, Flag, Capital, Population ...",https://www.britannica.com/place/Saudi-Arabia,"38,487,000
- Currency Exchange Rate:
- 1 USD equals 3.750 Saudi Arabian riyal
- Form Of Government:
- monarchy1
- Official Language:
- Arabic
- Official Religion:
- Islam
- Official Name:
- Al-Mamlakah al-ʿArabiyyah al-Suʿūdiyyah (Kingdom of Saudi Arabia)
- Total Area (Sq Km):
- 2,149,690
- Total Area (Sq Mi):
- 830,000
- Monetary Unit:
- Saudi riyal (SR)
- Population Rank:
- (2026) 38
- Population Projection 2030:
- 38,591,000
- Density: Persons Per Sq Mi:
- (2026) 46.4
- Density: Persons Per Sq Km:
- (2026) 17.9
- Urban-Rural Population:
- Urban: (2024) 85.2%
- Rural: (2024) 14.8%
- Life Expectancy At Birth:
- Male: (2022) 75.3 years
- Female: (2022) 80.9 years
- Literacy: Percentage Of Population Age 15 And Over Literate:
- Male: (2024) 98.6%
- Female: (2024) 96.7%
- Gni (U.S.$ ’000,000):
- (2024) 1,257,849
- Gni Per Capita (U.S.$):
- (2024) 35,630
- Additionally, the Consultative Council (consisting of 150 appointed members) acts as an advisory body."
Yanbu,Cost,en,duckduckgo,"Saudi Arabia | History, Map, Flag, Capital, Population ...",https://www.britannica.com/place/Saudi-Arabia,Since then the pace of life in Saudi Arabia accelerated rapidly.
Yanbu,Cost,en,duckduckgo,"Saudi Arabia | History, Map, Flag, Capital, Population ...",https://www.britannica.com/place/Saudi-Arabia,"It is bordered by Jordan, Iraq, and Kuwait to the north; by the Persian Gulf, Qatar, the United Arab Emirates, and Oman to the east; by a portion of Oman to the southeast; by Yemen to the south and southwest; and by the Red Sea and the Gulf of Aqaba to the west."
Yanbu,Cost,en,duckduckgo,"Saudi Arabia | History, Map, Flag, Capital, Population ...",https://www.britannica.com/place/Saudi-Arabia,Long-running border disputes were nearly resolved with Yemen (2000) and Qatar (2001); the border with the United Arab Emirates remains undefined.
Yanbu,Cost,en,duckduckgo,"Saudi Arabia | History, Map, Flag, Capital, Population ...",https://www.britannica.com/place/Saudi-Arabia,"Those leading to the Red Sea are short and steep, though one unusually long extension is made by Wadi Al-Ḥamḍ, which rises near Medina and flows inland to the northwest for 100 miles (160 km) before turning westward; those draining eastward are longer and more developed except in Al-Nafūd and the Rubʿ al-Khali."
Yanbu,Cost,en,google_news_en,"Trucks, trains and pipelines: Gulf countries desperately seek new routes to sell their oil - EL PAÍS English",https://news.google.com/rss/articles/CBMi5wFBVV95cUxQMXQtbU9HalFveVE0Z195Q2k1ZWVEVnRaa2g2d1hmY05KSjk2QXVRTDQzVFRqSzBPUDFPSlExcjc5ZC1qc3llRjlyY244SnVLM0I1R0Z1d3VnRXdjM1ZGMW1WYkhZTzJKRmxQV0Y3REpwNE1PaXh3MDFic09UMW00eVU3RFo3ZFRDUzJpMGRjN1gzak82YnhNanFCMVBDZGM2VlNFaGd3bWJGVnAwUElOckVSa0wtWVB6SkNpc3lIbDBjQkVGZzNuZVNsZWxOakdVazFIWHZjS1N5cloydXNfczJwYlFZcHPSAfsBQVVfeXFMUGJ4NTAtcHRaSUs2WlpIaWxCMVRxVzFSVkhGWFhCdE9iYktHeHctWWhVVWJSSmpBZHpoZXQ1ajFIazlRbUZsLVlGTHd5anItUVc2eTFmLXg2Q21kMzFRUGRNUkYwZWZLcndRZVcxdFJUbk13VmhoTkJZSFJiUEtXM09KNFpsaVRCZkpZcTBDLUUxaFJId29SUjY1a0pjamJVNmtmdlk4VGRteGNqV0dCVF9kSXJSRERvUnpMVDZjblVSenk1U2htaTZEQXB4VVJBR0dTc3JtTW84dVl2alZEN25fVlY1M3ZjRHF3WkgxcXE2SWprV0t1b1VzS3c?oc=5,"Trucks, trains and pipelines: Gulf countries desperately seek new routes to sell their oil    EL PAÍS English"
Americas_Cape,Transit,en,google_news_en,Oil Tankers Hauling US Crude Via Panama Approaching a 4-Year High - Energy News Beat,https://news.google.com/rss/articles/CBMipAFBVV95cUxQbHVKVkdpUDZ0LTc4Vk1TblF4bkxWeWFGLWFqUDFEbGE4dkR0OGxQT2l5YlBIdHhLSDZNczFvd0lMZ2NDa293U0d5R1dhZWhkUW1nSTEwMzBSc2dXVzRQYlpxZDY0cHA1NmVIM243MzRwd2k1Wnd2Z3J5WjNKZ2RMX0hKcWE0Q21WaC03ZjNtU09sVUJvTW11czl6ZGFNQ3JhSlJQQg?oc=5,Oil Tankers Hauling US Crude Via Panama Approaching a 4-Year High    Energy News Beat
Americas_Cape,Transit,en,google_news_en,Long Voyages in a Fragmented World: The Evolution of Tankers - Hellenic Shipping News,https://news.google.com/rss/articles/CBMingFBVV95cUxPQ1JqQ01KV0pqYTdzazFoRXlnNFNvMGZlNDBLRVdlVHpMUmkzQXBmT0RPZE9WT0lHMXU5VTlOZlRDcVVOTGZlTWFPVHNrT1J0ZExHT2NKdkY2eWZ4U0NDRGN4ZTdOVnpJZ0U0U1RKX0hybFdtb3lMZEhjYmh4WEg1d21Ub0NEVG1fbEpXUko2a3pKdUh1OFFCSkpOejU2Zw?oc=5,Long Voyages in a Fragmented World: The Evolution of Tankers    Hellenic Shipping News
Americas_Cape,Transit,en,google_news_en,Hormuz crisis slashes VLCC volumes by 36% but voyages are longer - Lloyd's List,https://news.google.com/rss/articles/CBMiogFBVV95cUxOaHRoR3hjbG0yeE5XRnpVRTBiZW9DNFlvZGV1QWF4cUZ3LXhxMjEza29fZkpaQk5PRHZRVXhpUFV5VW9xMWowQWVldW82blJYdGNoejBadnpBT0dUOVpQakdUTUlTcWQtVmcyWlp3ZlBlUV90aHl3LUY4emxTTG53Q3AwekRwaEYwZXlfLVI4ZVVIZVNQLVhkbzlRamxrNl9Vdmc?oc=5,Hormuz crisis slashes VLCC volumes by 36% but voyages are longer    Lloyd's List
Americas_Cape,Transit,en,duckduckgo,Home - U.S. Grains & BioProducts Council,https://grains.org/,"Council News                        
                                        
                        SEA&O Office Sees Transitions; McLeeson Promoted To Manager Of Trade Policy                        READ STORY »
                    
                
                                                                                                        Jun 18, 2026                                                    
                                                
                                                                                                        Jun 11, 2026                                                    
                                                
                                                                                                        Jun 11, 2026                                                    
                                                
                        U.S. CORN EXPORTS TOTALED 72.5 MILLION METRIC TONS IN 2024/2025."
Americas_Cape,Transit,en,duckduckgo,Home - U.S. Grains & BioProducts Council,https://grains.org/,"Market Perspectives
Weekly update on coarse grain markets including weather, prices and freight information for U.S. grains and co-products."
Americas_Cape,Transit,en,duckduckgo,Home - U.S. Grains & BioProducts Council,https://grains.org/,"Strategic presence and lasting partnerships with customers and end-users result in stronger, more dynamic markets."
Americas_Cape,Transit,en,duckduckgo,Market Perspectives Archive - U.S. Grains & BioProducts Council,https://grains.org/market_perspectives/,"Market Perspectives
Market Perspectives is a weekly publication that offers readers information about current coarse grain markets including price, weather and freight data important for buying U.S. grains and their co-products."
Americas_Cape,Transit,en,duckduckgo,Market Perspectives Archive - U.S. Grains & BioProducts Council,https://grains.org/market_perspectives/,"Note that information contained in or generated by this website is provided by the U.S. Grains & BioProducts Council as a convenience for customers, members and others in the grains industry and is not legally binding, including for use related to grain trading contracts."
Americas_Cape,Transit,en,duckduckgo,USGBC | U.S. Green Building Council,https://www.usgbc.org/,"Learn more
U.S. Green Building Council
USGBC accelerates and scales the transformation of the built environment."
Americas_Cape,Transit,en,google_news_en,Iran turmoil to push tonne-mile demand and lower TCE rates for LPG carriers - Lloyd's List,https://news.google.com/rss/articles/CBMisgFBVV95cUxPU1BuNHRKRUxxR3RtNG9qTGlnRzBpdkVPZGcyeWc4Y2VEVDltc3hlbzNvX2QwV0gza0xoeFJNaXZxRzlLWllDelZTVmpieTdTcTVZYUVONjUxY2FNTHRxMERzZklCbEpqQnUtU01KTHF2TVJqampzNlVkUzRhb1VMaEw2WlJNYzVkY0Z0RjZwTDlDMzNnb1dtZXpiYlhuZGhoV2RJVGJ5cHNOQ3pqby1NUkRn?oc=5,Iran turmoil to push tonne-mile demand and lower TCE rates for LPG carriers    Lloyd's List
Americas_Cape,Transit,en,google_news_en,White Paper – Strategic Implications of U.S. LNG Exports - American Security Project,https://news.google.com/rss/articles/CBMimgFBVV95cUxQZFY3T2VvSjBsV3hNTXFMS0o2SGlaaTFvWDljM2RHQXZkTXR5Y1NTd2g3bldaaXRkVjBiLWVJdjZCcEFkUlhSSlVEVmRkdXBjdVo2bUhaZ0tWNW9uMm9Zc0FfSGo5cHpnRDBKRkhaNWlvRWw1b25EZUhHc0FzQ0JrMVU3LTVLaWxRcEJ1U0tlaFpUcEpUZXdXOEhn?oc=5,White Paper – Strategic Implications of U.S. LNG Exports    American Security Project
Americas_Cape,Transit,en,google_news_en,TMX Opens Asia Route As Canadian Crude Discounts Narrow - Crude Oil Prices Today | OilPrice.com,https://news.google.com/rss/articles/CBMioAFBVV95cUxPc19Qek1yVEN3TG5feDUySVVVR29mZDAwQVdtRXd1Vm54M0Rmdjg5bG4yd282bmZTcHQzbUJMWUJfWVFzaDNCbUpsUUZ6QkwxdEpTaXFIbTRqWmN5TnBsMXpNeHFMblRQNi12Vjhjb0tDblVaOTl5RnBJZ2VwVWljeXRyTjZkNW1mSHFWU083MEZDaFJLUlgyRXBUWjdDSGEz0gGmAUFVX3lxTE1VRkZoQUpDbGNMd1QzYjNuOHE3SVpJWmFzVmRralM2VHN2M2F1NTdYdzVGZ1FOYkVTYmk2Nm4xQ29JblF0VVhSYmZOd0FKc3JwUnhBaVByZ2RhWERUWVJsaVRSbFBiY0YzQ0VqSG91X0RHYlgyWmRfR19HdzVjVFNLNEhlWUlYTlpvQWxYWmJhVEdqZHkwZWhyS3o2TXdJVjI4MExKdVE?oc=5,TMX Opens Asia Route As Canadian Crude Discounts Narrow    Crude Oil Prices Today | OilPrice.com
Americas_Cape,Transit,en,google_news_en,The world's most strategic straits and channels - interactive.aljazeera.com,https://news.google.com/rss/articles/CBMifkFVX3lxTE5CMm5FNHZMR3hCcGwxeTVDbHROSUZ0WlgyR3dZM3V4Y09uLVcxSjBDdU1rSnZ1d05yVVRDcnNzb3lZZk1TYjMyQXNCRE9GN1Q5X001cEN3bk1WejFVVlJ2ajRyMHQ1dGtiNjdBMXNSajFuSUtjLWsyTE1RN3VZQQ?oc=5,The world's most strategic straits and channels    interactive.aljazeera.com
Americas_Cape,Cost,en,google_news_en,Caught in Someone Else’s War: The Rising Cost of the Strait of Hormuz Crisis for India - India Narrative,https://news.google.com/rss/articles/CBMiwgFBVV95cUxORU4zQ3FUY3ZLVHhOVjFSSEhRX2pDMGFoQkViOGt3eE53VGR0WGM4LTNNdEY1Vm5iYk1yMDlkX1BkRWx6VHBZaHo3XzBPeFBWZVdOR1gxT24wOUdxZmYxSl9CUUFWdjNDQ1Jsb1BlQkotUEZRd1c2SWk4SDNoM0ZWX1ZTQ1A2WEkzbFhpMFVHUmNBX09JTENoS3E0UzdkWXh1SXV4ZFRibFp5N0s5Vmt3RnN0QkRJWTRIZmh1Y21lblJTdw?oc=5,Caught in Someone Else’s War: The Rising Cost of the Strait of Hormuz Crisis for India    India Narrative
Americas_Cape,Cost,en,google_news_en,Thai exporters spooked as carriers halt bookings and sea freight rates surge - Nation Thailand,https://news.google.com/rss/articles/CBMib0FVX3lxTE9CSlpUV0c4VEU3dmk4cmIxTkU5RWNZTTZrY3hoU3NJY3doZzRoM3ZtSkxKaEo3UkNIWWdtN1p3dE1VbENNOHh4QjhSUHByS3RNdkx2QmY0SzZqRmM2aU1aNFRDU2pzdDYwZ001RnNxWQ?oc=5,Thai exporters spooked as carriers halt bookings and sea freight rates surge    Nation Thailand
Americas_Cape,Cost,en,google_news_en,"Red Sea risks resurface: Exporters warn of shipment delays, higher freight and insurance costs amid Middl - The Times of",https://news.google.com/rss/articles/CBMirAJBVV95cUxQNzJkd0g3QmhNS19iTmNXczdIS1BVTG1kUVlOT1hNaXRWOE83UGZURlkwdUhTQmk0Mi1IQkdBVEtSbWVVWHl2M1ZRM0Q1NmM5aTBIZWRkVXliNzFtVndqUVIxN2dvMnR3TVhsbjlEeWtxWTJHeUdmcnJCTzVENncxZ1doWWZtSmNQS2FUUXdmYWdVVk8yLWU2bEQwaTV5YWJNRUV6RVBtUHVKbEJrY0ljZi1jc2pZYXpkSTJrcmk2WUpQOTNWVExlcW1YWWNiWUFZWUw3ckx2NWliSWlBbnBaRWVZWldhT3NvZkpFR0Fha19fSzRaN0U4YnltTUp5WHNQSm8wWWw5SXlsSkdlZzk1MVVpOE5wM0RUeERXRHI5Z1VKMDBDTExwd3BucXDSAbICQVVfeXFMUEt2bWxkM2UwVkNqX3hJUXpLcjJ4LTh5UXBjbkhsTTdhSUpCOU42dzBRMDJKOWQ2ZlZLMWlUVjA2c0dZd2k2Vmw4Mi1xZFZMYmZaTWhraENwbnNMVUJxTXhuQ3l4MHU2YzVjN3hTcFpkd21TR3FYbURjMFg5cXdBcFFjRUhNWVFoLW82OG1Mb1ZwLU1pYXQ5NmlydHZfc001NVl6aFBaSGlLYTBtdFhITnNpRk11Qmg2LU9uZjNtR21NV1pSVlFTZVVPd2F0REpQSG5tekRiZGxhbEVXRDI1WlFHVUdyQTA3U01sLUNsdGx1R3N1N01weXIyTzh2NldXWGhmRjBvSHQxZ0gtTjREWHlGLTNCZE9ZcUZzSnFTLVZYTkNoWDlkMlBwX2hVMjI2aUNn?oc=5,"Red Sea risks resurface: Exporters warn of shipment delays, higher freight and insurance costs amid Middl    The Times of India"
Americas_Cape,Cost,en,google_news_en,US-to-Asia Oil Shipping Hits Record $29 Million as Tanker Rates Explode - gCaptain,https://news.google.com/rss/articles/CBMilwFBVV95cUxNZ0trRkNTMlEtNlk0UXRXM2wxMnZRVHQzVmpNZGg5eWdNLUwtZHFVY3FHUTNCSV9PWUZDNmswNXRnMUVSY1hQZFQ2Vkw2QU9XZEFfUURIWms4N3pfYTRsOHlSa3I4OGgtUHNqWGNZSm55cXJKUFFhdEZaWVlJTFNRRURfQXZUN0gwN291RENRSzFsWG1qTVJj?oc=5,US-to-Asia Oil Shipping Hits Record $29 Million as Tanker Rates Explode    gCaptain
Americas_Cape,Cost,en,google_news_en,Global oil and gas shipping costs surge as Iran vows to close Strait of Hormuz - Reuters,https://news.google.com/rss/articles/CBMizgFBVV95cUxNLUFFX3dLNzdVaThlTjBZWkVFaGYyellDVjd2aGE5OHB4RTUwekJNbWNqcUVVUW93clNKSzRLM2dzaDJrQndYV09YVTNZOE5OMjVVTjd6WURNQjRwMFV0NXBXMEczdklQTks2dWUyVFQ1WnREU1VBcDJJc1EtS2pEeVg4cmY5aEJ1UWxEM2lUbU04R1dDUGl2dVZSZTVNdklVelNnc2pXcTk4RmUyaVpDUDZITHlOb1hLYXRwTG5aenlHX2lua1J1Y1pVRGMxZw?oc=5,Global oil and gas shipping costs surge as Iran vows to close Strait of Hormuz    Reuters
Americas_Cape,Cost,en,google_news_en,Differentials Explained: Why Alberta crude sells at a deep discount - Oil Sands Magazine,https://news.google.com/rss/articles/CBMixwFBVV95cUxPNXVobnJramJldlE3TUV2X0NvLXo1ZDVqMnpIQkRFVDB2OTl2bG1rMWk2LTVjSUhCTUJSNFRjV0pqLTVxVWtZTnVyN1VYd1dOaGV3SG1CXzlsWC15MU9BdVFia1ZZWVJVaWFYbjRiWnNHZkFsOVBReXhhSVIyazd6OXZXMFVUQk1KdUZ2ZEw3V2JoM1otdTVFSWxGdjNMdGtWMTVsSVdHams4bFpWTWU3SEpRLUsxUmNERDU0SkF2N2w5Q2h5ZFVB?oc=5,Differentials Explained: Why Alberta crude sells at a deep discount    Oil Sands Magazine
Americas_Cape,Cost,en,google_news_en,Global oil supply chains face historic stress: Crude prices and tanker rates now at all-time highs — here’ - The Economi,https://news.google.com/rss/articles/CBMiwwJBVV95cUxPLThmSnlCdS1PZzJhc1BMeEdJUDFuYW1yZUhKSXJ3ZUNFTzA1YjlLYXNMYTE1OFo1Zm5IZEJPLTdPSjY1cl82V3BObkFLdnhRN21ReXEtU1hIOEsyOEgtaHIyYWNyQ0doOTFncWJmMERyUmk2cm5MVEF4YVhwZXZaLXVoelRmbEd6cUJjMVlnTUFRQThSRXFhdDNWRy1aTXRjeFhaSWg4d2N4TklGNkdLbGZNQk9OQTczaXFLY0stOS1iLVVDNXEyRHFkdjVraC0tTFNrQlF0Q191cEwxcF96bzFNQUJJamlucVVLODRib1BjS0RPTHE4TDBZVXR4eFNvemFrUW5CRlJ1NVJERFkzTnhkUTA1Y2dDNzNYdkJtMl9CTHZNLU9MRkZqd2taRnY5WmxiNHlBM3ZjRmx4WmxlZFVrMNIByAJBVV95cUxOekMwYm03d0hZNVFjY3drZlUzQ0d1MVZKbms3NVR6NS02YThUX2FpVTlOVWxrNVdVMGFUeWgzbkJ1UW9iQkFUVll4NEpWUU9FWFV3UjNQODJneXc2XzZZajRQN3lETy12b0NVa2RDN2pQYUNTSVpfRWJYSjJibHkzeElVRlVPVXI1ejVhcU4zdS1wXy02RFRZWHZQSGx0SzA2Rk5EWE1aQm9YRU5pSkpqXzFRNkplckk2QU9ZMmh4UVFkaDc0TFN3Y1p6dUZva3FqREtna25jdFhaYWx6TkotZDNkbk5xWGZ5Sl9JeEdtT0pxOURlVWJxMUlrSlIzakJtQ19lTGJTS0ptVWNxeXUxdlpjSHFZdVFNUGx1UTNlZEg4Ti1XbXJmUmhsX3pNUE1qZEJyMTBobWhtamotQlh1cjM5SjNyOUMz?oc=5,Global oil supply chains face historic stress: Crude prices and tanker rates now at all-time highs — here’    The Economic Times
Americas_Cape,Cost,en,google_news_en,Russia’s Unsustainable Business Model: Going All In on Oil and Gas - The Hague Centre for Strategic Studies,https://news.google.com/rss/articles/CBMibEFVX3lxTFBFY29nM3prbGtqdUFoZHVDRUZoUXlZSllCQkhpd3hnNVJFR3R6TUtUMFdyN3hwTHJMbjlUWHlQR0V4SW1HY1g1UVBwVV95ZDJLWndNYVlhQzRILWVWSkdGOXM2bWlhb2lvcEFkSw?oc=5,Russia’s Unsustainable Business Model: Going All In on Oil and Gas    The Hague Centre for Strategic Studies
Yanbu,Transit,ja,google_news_ja,原油輸送、代替ルートを模索 ホルムズ封鎖で、政府や海運会社―喜望峰回り、コスト倍増も - 時事ドットコム,https://news.google.com/rss/articles/CBMiY0FVX3lxTE1nRGtqLVZTT241enFmY1RjSExWNnRhOEYzbUNRdGhVT2oyal9Oako0anRRczFwXzZGSldLdjExUzhnSHdKdmpXcDl3WnpnSjZncDcweko5TGxKNFdkT01mYkhFMA?oc=5,Crude oil transportation seeks alternative routes; government and shipping companies - cost doubling for Cape of Good Hope due to Hormuz blockade Jiji.com
Yanbu,Transit,ja,google_news_ja,サウジアラビア物流革新 港湾・鉄道・空港で競争力強化（1） - jetro.go.jp,https://news.google.com/rss/articles/CBMihgFBVV95cUxORlVmNF9vVV9UMEVGS2ZnZlQzcEhYYzBvV3BEdkZCMjJzWnNUcnZINVItenI2cHFfbDB0MU8yelVkaHlLOTBHTVpTTUpHNnFJOHBaZ09FLThnQTJ4S0JEaHY2UFZtcnVwZGdBcHNzNjRKOGhoZWFGX0NZcHM4eXYxdzdqaFdqUQ?oc=5,"Saudi Arabia logistics innovation Strengthening competitiveness in ports, railways, and airports (1) jetro.go.jp"
Yanbu,Cost,ja,google_news_ja,1バレル10ドル以上の海運コスト上昇の背景。原油供給リアルタイムレポート（2026/5/3） - sattu-ai-agent.com,https://news.google.com/rss/articles/CBMiakFVX3lxTE1yU3JqTlV1UkFoYmZBMWtIZkNDR0RYWjdiZzJkd1VhQWotbHhNSmhveXhEMWhsTmpmYTIwTkJMak5SVl9wNFJFWl9peExsQ0QzbGdZUnRSVHpoR1lxOFRQWk1XcFliTlYtOXc?oc=5,The reason behind the rise in shipping costs of more than $10 per barrel.
Yanbu,Cost,ja,google_news_ja,"中東情勢で海上運賃が最大4,000USD上昇 紅海・スエズ回避でベトナム輸出企業に影響 - access-online.net",https://news.google.com/rss/articles/CBMifEFVX3lxTE5MWjZKc0JyRmpXNWd2SU00blM3UlQ1LW9oMDF0bklfdzVDMGttRGVKV3JoMnU1X05Xa2Y1TWxPVUZGOTNFRC1zMGtPMWxkemxzLW5ZVHhzb1JlYk11bjBBeVFmckVxSjM1b3lNRGltVzZaNEx2Q3BTYnNBRFQ?oc=5,"Maritime freight increases by up to 4,000 USD due to Middle East situation; avoidance of Red Sea/Suez impacts Vietnamese export companies access-online.net"
Yanbu,Cost,ja,google_news_ja,中東情勢の緊迫化、紅海を通る脆弱な航路、そして戦争による追加コスト。 - Vietnam.vn,https://news.google.com/rss/articles/CBMisAFBVV95cUxNYng0TGhUY3RiLUJzN25zWlNtQXo1aFBMcHFSaTlnUlFBR25Ub2dTemFwaVV1UWE4amNta1VmRmxWd0FrSXNXTnZBZDREckhqcnJ4bm9QS1lQT2NDLWxndFN3S2VVODItZmRlZ3VOMElSUW4zRV9jOTVZMzZTRGlsU216QTg0RjRaMFlCUkRsa2cxVUpjNXZ1eGFVZTVXUENfQURPaEJSU09qbnpCLVM1OA?oc=5,"Tensions in the Middle East, vulnerable shipping routes through the Red Sea, and additional costs from war."
Yanbu,Cost,ja,google_news_ja,コンテナショック2.0：そして高騰する運賃：中東紛争がいかにあらゆるものの価格を押し上げているか - Xpert.Digital - Konrad Wolfenstein,https://news.google.com/rss/articles/CBMinwFBVV95cUxNMFJjMzNuc3NiM0hNTy1DNmlyQXVzQm80dmhTSlc5R1AyQ0JadmRiRGM0OWFlcXFvajltSU5seGZxS1prYkY4Y2tGcjBScUpLV1pQWlQyVHgzN3pLTXlfNTZ0bzRvY2UzVkxvaFpBeDJKM0s4LWNuZHp1YURVdXJQYWM0YTh5bHlHQk04cGJ6bGhSWUpyZVFCUmcxSjdfNEE?oc=5,Container Shock 2.0: And Soaring Freight Rates: How the Middle East conflict is driving up the price of everything ​ Xpert.Digital - Konrad Wolfenstein
Yanbu,Cost,ja,google_news_ja,石油化学市場規模、シェア、成長率、分析、レポート（2034年まで） - Straits Research,https://news.google.com/rss/articles/CBMia0FVX3lxTE1YOS1rcVNsYnl4bVQwMGlfYzB5MXpSMFJ1LXR4R05fX3RJU1Nod1Q5N2pJMGdtZkloeEhlajNyQzRjQl9aOFhFNVdBMlFZTVN5LXg0WHcwYUFWUXJzWXNra0NuZGJhS25hbTZj?oc=5,"Petrochemical market size, share, growth rate, analysis, report (up to 2034) Straits Research"
Americas_Cape,Transit,ja,google_news_ja,戦闘終結合意も海峡再開判断は別工程、物流見通しは - LOGISTICS TODAY,https://news.google.com/rss/articles/CBMiSEFVX3lxTFA3eTMzZmU5WW9lTHlFZHV6UW9HdXlFOU9aaWsxR25fY3J4amlYQ2x0OVk5Ynduc0J4S0E5V0c1RDFsb3RENW53ZA?oc=5,"The agreement to end the hostilities and the decision to reopen the strait are separate processes, and the logistics outlook is LOGISTICS TODAY"
Americas_Cape,Transit,ja,google_news_ja,中東危機で変わる航路、喜望峰ルートの通航2倍に コスト増もリスク軽減重視 - 日経ビジネス電子版,https://news.google.com/rss/articles/CBMiZ0FVX3lxTE1oYm9aQ1ZrOHFsVi1oOWxJaVRkSUZ0X1YwWm01OHpwNldmX2RVT1JsY3BrNm5RUEhqTWoweWRQU3YxSG5KWFNSX0d3cmU4SjlSM1RScUlsQkd4bTZXdWVDcld1SFVaOUk?oc=5,Sea routes changed due to Middle East crisis; Cape of Good Hope route doubled; increased costs but emphasis on risk reduction ​ Nikkei Business Online Edition
Americas_Cape,Cost,ja,google_news_ja,米国産原油の輸出、限界に近づく－運賃や積み替えコスト高騰が重し - Bloomberg,https://news.google.com/rss/articles/CBMid0FVX3lxTE9rZWw4b2VRbVpnX09tcG8xbFF0aVNnRVpEVV9pZDBCOFBvMFF5Zzlja0JVeGtGSHBBZGRUUmxnUkRCZWJHay1JbnRsbkNMd0ttdWlGcGZVMHVOWXF5VDBzMUpJX2VIOUszQTRkRTJsd1BIeFJ5eG44?oc=5,U.S. crude oil exports nearing limit - soaring freight and transshipment costs weigh on Bloomberg
Americas_Cape,Cost,ja,google_news_ja,イラン攻撃でＬＮＧも価格高騰、当面の供給には問題ないが…長期化すれば電気料金が値上がり - 読売新聞,https://news.google.com/rss/articles/CBMiZEFVX3lxTE1qRU03WkFxNHhFLTF6dTRiSTFHaGtudGJLUFpZUmtiN09TdnNjY3dWeVFFWXBiSjVZZTJfZ0NYM0RPOU0wVkFhMmlXbllpQ3BrVlZJTUpSQWJNVzliOWtCb0ppNS0?oc=5,"The price of LNG has soared due to the Iranian attack, and there is no problem with supply for the time being, but if it continues for a long time, electricity rates will rise."
Americas_Cape,Cost,ja,google_news_ja,中東産原油の洋上積み替えでバレル当りコストはいくら高くなる？米国産・ブラジル産との比較ではどうか？ - sattu-ai-agent.com,https://news.google.com/rss/articles/CBMiZ0FVX3lxTE5Db1lrVDNqZWtNczdrTXNrQUhsZkxVOUxTektDeWVfUkNyTkUxQTJXSWctcW5MMHNTdUlzTk1UUGsxOFdJTVdPUW5oUmpldGlYenJwekVOMzNHTXdzVXhEU3NQZlJDLUU?oc=5,How much does it cost per barrel for offshore transshipment of Middle Eastern crude oil?
